Dataset,num_samples,num_dims,outliers_fraction
satimage-2,5803,36,0.0122350508357746
satellite,6435,36,0.3163947163947164
pendigits,6870,16,0.022707423580786028
musk,3062,166,0.03167864141084259
